OBJECT_ID,Tipo_objeto,Referencia_epigráfica,Nombre_objeto,Yacimiento,Localidad,Soporte,Escritura,Cronología,Estado_ficha,Prioridad,Ficha_existente,Archivo_ficha,Observaciones,Fuente,IberOS_Inclusion,Modulos_Activos,Dependency_Group,PALEO_Status,ENTRY_Status,Familias_Tags,Fuente_Indice
IBR-CER-0001,Cerámica pintada,Sin ref. MLH fijada aquí,Tinajilla de la Fundación Ballesta,Procedencia publicada; colección Fundación Ballesta,,Cerámica pintada,Ibérica nororiental dual,,FICHA PUBLICABLE,Completada,Sí,IberOS_CaseStudies_Objeto_IBR-CER-0001_Ballesta_v1.0.pdf,Ficha v1.0 completada. Dos textos: labio y pared. Se registra la construcción...,https://doi.org/10.36707/palaeohispanica.v0i18.13,INCLUDE,PALEO;TRACE;MORPH;LEXSEM;DUAL_LOCK,BALLESTA_LINEAGE,READY,ONE_OR_FEW_ENTRIES,EGIAR_EKIAR,IberOS_Indice_Maestro_Objetos_v1.7.xlsx
IBR-CER-0002,Cerámica pintada,MLH F.13.3 · Hesperia V.06.008,Vaso de los Letreros de Llíria,Tossal de Sant Miquel,"Llíria, Valencia",Cerámica pintada,Ibérica nororiental; lectura dual discutida,ca. 210/200-180 a.C.,FICHA PUBLICABLE,Completada,Sí,IberOS_CaseStudies_Objeto_IBR-CER-0002_VasoLetreros_Liria_v1.0.pdf,"Objeto multimodal: múltiples letreros, didascalias y línea extensa; EGIAR/EKI...",https://doi.org/10.36707/palaeohispanica.v0i17.132,INCLUDE,PALEO;TRACE;MORPH;LEXSEM;DUAL_LOCK;ICONO,INDEPENDENT_OR_UNRESOLVED,READY,NEEDS_SUBENTRY_SPLIT,EGIAR_EKIAR;ICONO,IberOS_Indice_Maestro_Objetos_v1.7.xlsx
IBR-CER-0003,Cerámica pintada / signario,V.06.003,Signario del Castellet de Bernabé,Castellet de Bernabé,"Llíria, Valencia",Cerámica pintada,Ibérica nororiental dual,fin s. III - inicios s. II a.C.,FICHA PUBLICABLE - CONTROL PALEOGRÁFICO,Completada,Sí,IberOS_CaseStudies_Control_IBR-CER-0003_CastelletBernabe_Signario_v1.0.pdf,"Signario dual pintado; dualidades en oclusivas, vocales y continuas. No alime...",https://doi.org/10.36707/palaeohispanica.v0i13.175,CONTROL_ONLY,PALEO;TRACE;SIGNARY_DETECT;DUAL_LOCK,INDEPENDENT_OR_UNRESOLVED,READY,ONE_OR_FEW_ENTRIES,SIGNARY,IberOS_Indice_Maestro_Objetos_v1.4.xlsx
IBR-CER-0004,Cerámica inscrita,La Joncosa / Jorba,Inscripción de La Joncosa,La Joncosa,"Jorba, Barcelona",Cerámica gris,Ibérica nororiental,depósito secundario fin s. II a.C.,FICHA PUBLICABLE,Completada,Sí,IberOS_CaseStudies_Objeto_IBR-CER-0004_LaJoncosa_v1.0.pdf,"Texto excepcional: 10 líneas y ~350 signos, inciso antes de cocción; función ...",https://doi.org/10.1387/veleia.2850,INCLUDE,PALEO;TRACE;MORPH;LEXSEM,INDEPENDENT_OR_UNRESOLVED,READY,NEEDS_SUBENTRY_SPLIT,,IberOS_Indice_Maestro_Objetos_v1.5.xlsx
IBR-CER-0005,Cerámica / posible signario,Val de Alegre I,Dolium de Val de Alegre I,Val de Alegre I,"Azaila, Teruel",Dolium,Ibérica nororiental no dual,ss. II-I a.C. aprox.,FICHA PUBLICABLE - CONTROL PALEOGRÁFICO,Completada,Sí,IberOS_CaseStudies_Control_IBR-CER-0005_ValAlegre_v1.0.pdf,Fragmento ante coctionem con kutuki[ en borde interior; identificación como a...,https://doi.org/10.1387/veleia.13345,CONTROL_ONLY,PALEO;TRACE;SIGNARY_DETECT;DUAL_LOCK,INDEPENDENT_OR_UNRESOLVED,HIGH_UNCERTAINTY,ONE_OR_FEW_ENTRIES,SIGNARY,IberOS_Indice_Maestro_Objetos_v1.7.xlsx
IBR-COI-0001,Cerámica inscrita,MU.01.02,Inscripción cerámica de Coimbra del Barranco Ancho,Coimbra del Barranco Ancho,"Jumilla, Murcia",Cerámica,Greco-ibérica,s. IV a.C.,FICHA PUBLICABLE,Completada,Sí,IberOS_CaseStudies_Objeto_IBR-COI-0001_CoimbraCeramica_v1.0.pdf,Ficha v1.0 completada. Grafito completo kaŕb sobre fondo exterior de plato át...,https://doi.org/10.36707/palaeohispanica.v0i16.29,INCLUDE,PALEO;TRACE;MORPH;LEXSEM;GRECO_LOCK,INDEPENDENT_OR_UNRESOLVED,READY,ONE_OR_FEW_ENTRIES,GRECO_IBERIAN,IberOS_Indice_Maestro_Objetos_v1.7.xlsx
IBR-COI-0002,Objeto con pseudoescritura,Referencia por fijar,Vaso con pseudoescritura de Coimbra,Coimbra del Barranco Ancho,"Jumilla, Murcia",Cerámica,Pseudoescritura,s. IV a.C.,CONTROL COMPLETADO - EXCLUIDO CORPUS,Completada,Sí,IberOS_CaseStudies_Control_IBR-COI-0002_Pseudoescritura_v1.0.pdf,Ficha de control completada. Decoración pseudoepigráfica sin coherencia lingü...,https://doi.org/10.36707/palaeohispanica.v0i16.29,EXCLUDED_CONTROL,PALEO;TRACE;SIGNARY_DETECT;NEGATIVE_CONTROL,INDEPENDENT_OR_UNRESOLVED,READY,ONE_OR_FEW_ENTRIES,PSEUDOSCRIPT,IberOS_Indice_Maestro_Objetos_v1.7.xlsx
IBR-CTL-0001,Control / falsificación,Sin ref. MLH,Copia falsa de la tinajilla Ballesta - Operación Júpiter,Museo de Prehistoria de València,,Cerámica (copia),Imitación de ibérico,,CONTROL COMPLETADO - NO CORPUS INDEPENDIENTE,Completada,Sí,IberOS_CaseStudies_Control_IBR-CTL-0001_v1.0.pdf,Ficha de control completada. Copia moderna dependiente del modelo Ballesta; e...,https://doi.org/10.36707/palaeohispanica.v0i18.13,EXCLUDED_CONTROL,PALEO;TRACE;LEAK_SAFE;DEPENDENCY,DEPENDENT_COPY,READY,ONE_OR_FEW_ENTRIES,DEPENDENCY_CONTROL;FORGERY,IberOS_Indice_Maestro_Objetos_v1.7.xlsx
IBR-CTL-0002,Control / falsificación,Sin ref. MLH,Copia falsa de la tinajilla Ballesta - legado Esteve,Museo de Castelló,,Cerámica (copia),Imitación de ibérico,,CONTROL COMPLETADO - NO CORPUS INDEPENDIENTE,Completada,Sí,IberOS_CaseStudies_Control_IBR-CTL-0002_v1.0.pdf,Ficha de control completada. Copia moderna del legado Esteve dependiente del ...,https://doi.org/10.36707/palaeohispanica.v0i18.13,EXCLUDED_CONTROL,PALEO;TRACE;LEAK_SAFE;DEPENDENCY,DEPENDENT_COPY,READY,ONE_OR_FEW_ENTRIES,DEPENDENCY_CONTROL;FORGERY,IberOS_Indice_Maestro_Objetos_v1.7.xlsx
IBR-CTL-0003,Control / falsificación,Colección Marsal C07-003,Plomo ibérico falso de la colección Marsal,Colección Marsal / Museo Arqueológico de Sevilla,Sevilla,Plomo,Imitación / dependencia textual,,CONTROL COMPLETADO - NO CORPUS INDEPENDIENTE,Completada,Sí,IberOS_CaseStudies_Control_IBR-CTL-0003_Marsal_C07-003_v1.0.pdf,Identificado como falso C07-003. La publicación demuestra copia de secuencias...,https://doi.org/10.36707/palaeohispanica.v0i17.136,EXCLUDED_CONTROL,PALEO;TRACE;LEAK_SAFE;DEPENDENCY,DEPENDENT_COPY,READY,ONE_OR_FEW_ENTRIES,DEPENDENCY_CONTROL;FORGERY,IberOS_Indice_Maestro_Objetos_v1.7.xlsx
IBR-LAP-0001,Lapidario / árula,MLH C.18.7 · MNAT 338,Árula ibérica de Tarragona,Tarraco,Tarragona,Piedra (Sabinosa),Ibérica nororiental,ss. II-I a.C.,FICHA PUBLICABLE,Completada,Sí,IberOS_CaseStudies_Objeto_IBR-LAP-0001_Arula_Tarragona_C18.7_v1.0.pdf,Primer soporte lapidario del catálogo. Lectura fragmentaria; bita segura; fun...,https://doi.org/10.36707/palaeohispanica.v0i9.243,CONDITIONAL,PALEO;TRACE;MORPH;LEXSEM,INDEPENDENT_OR_UNRESOLVED,HIGH_UNCERTAINTY,ONE_OR_FEW_ENTRIES,,IberOS_Indice_Maestro_Objetos_v1.7.xlsx
IBR-LAP-0002,Estela / monumento,MLH D.12.1-2 · Hesperia HU.01.01-02,Estela-monumento de La Vispesa,La Vispesa,"Tamarite de Litera, Huesca",Arenisca,Ibérica nororiental,ca. 200-175 a.C.,FICHA PUBLICABLE,Completada,Sí,IberOS_CaseStudies_Objeto_IBR-LAP-0002_LaVispesa_v1.0.pdf,Texto fragmentario + programa iconográfico bélico; neitin atestiguado con cat...,https://ifc.dpz.es/publicaciones/ebooks/id/2722,CONDITIONAL,PALEO;TRACE;MORPH;LEXSEM;ICONO,INDEPENDENT_OR_UNRESOLVED,HIGH_UNCERTAINTY,ONE_OR_FEW_ENTRIES,NEITIN;ICONO,IberOS_Indice_Maestro_Objetos_v1.2.xlsx
IBR-LAP-0003,Estela funeraria,MLH F.14.1 · Hesperia V.01.01,Estela funeraria de Sinarcas,Pozo Viejo,"Sinarcas, Valencia",Caliza,Ibérica nororiental/oriental,s. I a.C.,FICHA PUBLICABLE,Completada,Sí,IberOS_CaseStudies_Objeto_IBR-LAP-0003_Sinarcas_v1.0.pdf,seltarban recurrente; estructura funeraria por períodos apoyada; parentesco y...,https://mupreva.org/web_mupreva/catalogo/13543/es,INCLUDE,PALEO;TRACE;MORPH;LEXSEM,INDEPENDENT_OR_UNRESOLVED,READY,ONE_OR_FEW_ENTRIES,SELTAR;FUNERARY;EBAN_FAMILY,IberOS_Indice_Maestro_Objetos_v1.3.xlsx
IBR-LAP-0004,Estela / monumento,Can Soldevila / Santa Perpètua,Estela ibérica de Santa Perpètua de Mogoda,Can Soldevila,"Santa Perpètua de Mogoda, Barcelona",Arenisca,Ibérica nororiental no dual,s. II a.C. en inventarios,FICHA PUBLICABLE - REVISIÓN PALEOGRÁFICA NECESARIA,Completada,Sí,IberOS_CaseStudies_Objeto_IBR-LAP-0004_SantaPerpetua_v1.0.pdf,Lectura histórica documentada; ebanen atestiguado en lectura heredada; uso mo...,https://patrimonicultural.diba.cat/index.php/element/estela-iberica,CONDITIONAL,PALEO;TRACE;MORPH;LEXSEM;DUAL_LOCK,INDEPENDENT_OR_UNRESOLVED,REVIEW_NEEDED,ONE_OR_FEW_ENTRIES,EBAN_FAMILY,IberOS_Indice_Maestro_Objetos_v1.3.xlsx
IBR-LAP-0005,Arquitrabe / inscripción bilingüe,MLH F.11.8 · ELRH C56,Arquitrabe bilingüe de Sagunto,Saguntum,"Sagunto, Valencia",Piedra arquitectónica,Latín + ibérica nororiental,s. I a.C.,FICHA PUBLICABLE - CONTROL BILINGÜE,Completada,Sí,IberOS_CaseStudies_Objeto_IBR-LAP-0005_Sagunto_F11.8_v1.0.pdf,Control externo para tebanen: paralelo con coeravit; correspondencia funciona...,https://una-editions.fr/los-pueblos-paleohispanicos-ante-roma/,INCLUDE,PALEO;TRACE;MORPH;LEXSEM;BILINGUAL_CONTROL,INDEPENDENT_OR_UNRESOLVED,READY,ONE_OR_FEW_ENTRIES,EBAN_FAMILY;BILINGUAL,IberOS_Indice_Maestro_Objetos_v1.3.xlsx
IBR-MON-0001,Moneda,Semis de ildiŕda con erder,Semis de ildiŕda con marca erder,Ceca de ildiŕda,Lleida,Bronce,Ibérica nororiental,s. II-I a.C. (clasificación discutida),FICHA PUBLICABLE - NUMISMÁTICA,Completada,Sí,IberOS_CaseStudies_Objeto_IBR-MON-0001_Iltirda_Erder_v1.0.pdf,Primer control numismático: erder como marca léxica de valor asociada a semis...,https://doi.org/10.36707/palaeohispanica.v0i7.277,INCLUDE,PALEO;TRACE;MORPH;LEXSEM;NUMISMATIC,INDEPENDENT_OR_UNRESOLVED,READY,ONE_OR_FEW_ENTRIES,ERDER;NUMISMATIC,IberOS_Indice_Maestro_Objetos_v1.7.xlsx
IBR-MUS-0001,Mosaico inscrito,MLH E.7.1 = K.5.3,Mosaico de La Caridad,La Caridad,"Caminreal, Teruel",Opus signinum / mosaico,Ibérica nororiental,s. II-I a.C. (contexto republicano),FICHA PUBLICABLE,Completada,Sí,IberOS_CaseStudies_Objeto_IBR-MUS-0001_Caminreal_v1.0.pdf,"likine-te · ekiar · usekeŕte-ku; caso clave para EKIAR, autoría/producción y ...",https://doi.org/10.36707/palaeohispanica.v0i15.39,INCLUDE,PALEO;TRACE;MORPH;LEXSEM,INDEPENDENT_OR_UNRESOLVED,READY,ONE_OR_FEW_ENTRIES,EGIAR_EKIAR;MOSAIC;LIKINE,IberOS_Indice_Maestro_Objetos_v1.7.xlsx
IBR-MUS-0002,Mosaico inscrito,K.28.1 · NA.03.01,Mosaico de Andelo,Andelo,"Muruzábal de Andión, Navarra",Mosaico / pavimento,Adscripción debatida; escritura paleohispánica,s. II-I a.C.,FICHA PUBLICABLE,Completada,Sí,IberOS_CaseStudies_Objeto_IBR-MUS-0002_Andelo_v1.0.pdf,likine · abuloŕaune · ekien · bilbiliaŕs; comparación estructural con Caminre...,https://doi.org/10.36707/palaeohispanica.v23i0.520,INCLUDE,PALEO;TRACE;MORPH;LEXSEM,INDEPENDENT_OR_UNRESOLVED,READY,ONE_OR_FEW_ENTRIES,EGIAR_EKIAR;MOSAIC;LIKINE,IberOS_Indice_Maestro_Objetos_v1.7.xlsx
IBR-OBJ-0001,Tortera / signario,Can Rodon de l'Hort,Tortera inscrita de Can Rodon,Can Rodon de l'Hort,"Cabrera de Mar, Barcelona",Tortera / fusayola,Ibérica nororiental no dual,prob. ss. II-I a.C.; depósito secundario posterior,FICHA PUBLICABLE - CONTROL PALEOGRÁFICO,Completada,Sí,IberOS_CaseStudies_Control_IBR-OBJ-0001_CanRodon_v1.0.pdf,Dos abecedarios incompletos; texto 1 comparte kutukiŕbitatiko con L'Esquirol;...,https://doi.org/10.1387/veleia.13345,CONTROL_ONLY,PALEO;TRACE;SIGNARY_DETECT;DUAL_LOCK,INDEPENDENT_OR_UNRESOLVED,READY,NEEDS_SUBENTRY_SPLIT,SIGNARY,IberOS_Indice_Maestro_Objetos_v1.6.xlsx
IBR-OBJ-0002,Tortera / candidato a signario,Oliete / El Palomar,Tortera inscrita de Oliete,El Palomar,"Oliete, Teruel",Tortera / fusayola,Ibérica nororiental presumiblemente no dual,cronología ibérica tardía,FICHA PUBLICABLE - SIGNARY_CANDIDATE,Completada,Sí,IberOS_CaseStudies_Control_IBR-OBJ-0002_Oliete_Tortera_v1.0.pdf,Secuencia kutuInmŕbaŕbianer; posible abecedario parcial integrado en texto ma...,https://doi.org/10.1387/veleia.13345,CONDITIONAL,PALEO;TRACE;SIGNARY_DETECT;DUAL_LOCK,INDEPENDENT_OR_UNRESOLVED,READY,ONE_OR_FEW_ENTRIES,SIGNARY,IberOS_Indice_Maestro_Objetos_v1.7.xlsx
IBR-PLM-0001,Lámina de plomo,C.2.3 / GI.15.04,Plomo de Ullastret,Puig de Sant Andreu (Ullastret),"Ullastret, Girona",Plomo,Ibérica nororiental dual,,FICHA PUBLICABLE,Completada,Sí,IberOS_CaseStudies_Objeto_IBR-PLM-0001_Ullastret_v1.0.pdf,Ficha v1.0 completada: lectura publicada fijada; recurrencias BAITES-/BATI-/S...,https://mnamon.sns.it/index.php?id=13&lang=en&page=Esempi,INCLUDE,PALEO;TRACE;MORPH;LEXSEM;DUAL_LOCK,INDEPENDENT_OR_UNRESOLVED,READY,ONE_OR_FEW_ENTRIES,BAIDES,IberOS_Indice_Maestro_Objetos_v1.1.xlsx
IBR-PLM-0002,Lámina de plomo,T.07.03,Plomo de Tivissa,Castellet de Banyoles,"Tivissa, Tarragona",Plomo,Ibérica nororiental,,FICHA PUBLICABLE,Completada,Sí,IberOS_CaseStudies_I_Ficha01_Tivissa_v1.0.pdf,Caso NP-te-ROK + SALIR + Q. Semántica de ROK congelada.,,INCLUDE,PALEO;TRACE;MORPH;LEXSEM,INDEPENDENT_OR_UNRESOLVED,READY,ONE_OR_FEW_ENTRIES,SALIR;ROK;QUANTIFIED,IberOS_Indice_Maestro_Objetos_v1.4.xlsx
IBR-PLM-0003,Lámina de plomo,B.7.38,Pech-Maho V,Pech-Maho,"Sigean, Aude, Francia",Plomo,Ibérica nororiental,fin s. III - inicios s. II a.C.,FICHA PUBLICABLE,Completada,Sí,IberOS_CaseStudies_I_Ficha02_PechMaho_B7.38_v1.0.pdf,Caso ban · kutur · bideŕokan; hipótesis semántica específica degradada.,https://www.researchgate.net/publication/261950513_Els_sistemes_duals_de_les_...,INCLUDE,PALEO;TRACE;MORPH;LEXSEM,INDEPENDENT_OR_UNRESOLVED,READY,ONE_OR_FEW_ENTRIES,KUTUR;ROK;BAN,IberOS_Indice_Maestro_Objetos_v1.4.xlsx
IBR-PLM-0004,Lámina de plomo,Ref. por confirmar en catálogo IberOS,Plomo greco-ibérico de Coimbra,Coimbra del Barranco Ancho,"Jumilla, Murcia",Plomo,Greco-ibérica,s. IV a.C.,FICHA PUBLICABLE,Completada,Sí,IberOS_CaseStudies_I_Ficha03_Coimbra_NP-KE-Q_v1.0.pdf,Caso NP-KE-Q. No se inserta verbo no atestiguado.,https://doi.org/10.36707/palaeohispanica.v0i16.29,INCLUDE,PALEO;TRACE;MORPH;LEXSEM;GRECO_LOCK,INDEPENDENT_OR_UNRESOLVED,READY,ONE_OR_FEW_ENTRIES,KA_KE_Q;GRECO_IBERIAN,IberOS_Indice_Maestro_Objetos_v1.7.xlsx
IBR-PLM-0005,Lámina de plomo,F.17.1,Villares V,Los Villares,"Caudete de las Fuentes, Valencia",Plomo,Ibérica nororiental,225-200 a.C.,FICHA PUBLICABLE,Completada,Sí,IberOS_CaseStudies_Objeto_IBR-PLM-0005_VillaresV_v1.0.pdf,Ficha v1.0 completada. Estructura de diez registros casi regulares apoyada po...,https://www.researchgate.net/publication/387054058_Una_nova_mirada_al_plom_ib...,INCLUDE,PALEO;TRACE;MORPH;LEXSEM,INDEPENDENT_OR_UNRESOLVED,READY,ONE_OR_FEW_ENTRIES,SALIR;ACCOUNTING;QUANTIFIED,IberOS_Indice_Maestro_Objetos_v1.7.xlsx
IBR-PLM-0006,Lámina de plomo,F.9.8,Punta de Orleyl,Punta de Orleyl,"La Vall d'Uixó, Castellón",Plomo,Ibérica nororiental,,FICHA PUBLICABLE,Completada,Sí,IberOS_CaseStudies_Objeto_IBR-PLM-0006_OrleylF9.8_v1.0.pdf,Ficha v1.0 completada. Cuantificación explícita y repetición de kebelsilun…; ...,https://mupreva.org/web_mupreva_dedalo/publicaciones/1642/va,INCLUDE,PALEO;TRACE;MORPH;LEXSEM,INDEPENDENT_OR_UNRESOLVED,READY,ONE_OR_FEW_ENTRIES,BAIDES;QUANTIFIED;IKU,IberOS_Indice_Maestro_Objetos_v1.7.xlsx
IBR-PLM-0007,Lámina de plomo,BDH V.02.02,Plomo de Casinos,Entorno de Casinos,"Casinos, Valencia",Plomo,Ibérica nororiental; probable dual,fin s. III - inicios s. II a.C.,FICHA PUBLICABLE,Completada,Sí,IberOS_CaseStudies_Objeto_IBR-PLM-0007_Casinos_v1.0.pdf,"Metrología a-o-ki, NP+KA+Q y numerales léxicos en contexto cuantificado; valo...",https://doi.org/10.36707/palaeohispanica.v0i14.54,INCLUDE,PALEO;TRACE;MORPH;LEXSEM;DUAL_LOCK;METRO,INDEPENDENT_OR_UNRESOLVED,READY,ONE_OR_FEW_ENTRIES,METROLOGY;NUMERAL;KA_Q;QUANTIFIED,IberOS_Indice_Maestro_Objetos_v1.7.xlsx
IBR-PLM-0008,Lámina de plomo / signario,BDH V.21.01-02,Signarios del Tos Pelat,Tos Pelat,"Moncada, Valencia",Plomo,Ibérica nororiental dual,s. IV a.C.,FICHA PUBLICABLE - CONTROL PALEOGRÁFICO,Completada,Sí,IberOS_CaseStudies_Objeto_IBR-PLM-0008_TosPelat_v1.0.pdf,Dos láminas relacionadas con secuencias signarias duales; uso paleográfico PA...,https://doi.org/10.36707/palaeohispanica.v0i11.82,CONTROL_ONLY,PALEO;TRACE;SIGNARY_DETECT;DUAL_LOCK,TOS_PELAT_SIGNARY_SET,READY,NEEDS_SUBENTRY_SPLIT,SIGNARY,IberOS_Indice_Maestro_Objetos_v1.7.xlsx
IBR-PLM-0009,Lámina de plomo,MLH G.1.1 · Hesperia A.04.01a-b,Plomo I de La Serreta,La Serreta,"Alcoi/Cocentaina/Penàguila, Alicante",Plomo,Greco-ibérica,s. III-II a.C. según propuestas,FICHA PUBLICABLE,Completada,Sí,IberOS_CaseStudies_Objeto_IBR-PLM-0009_LaSerretaI_v1.0.pdf,Gran texto greco-ibérico con varias fases documentales; iunstir inicial y śal...,https://es.wikipedia.org/wiki/Plomo_de_La_Serreta,INCLUDE,PALEO;TRACE;MORPH;LEXSEM;GRECO_LOCK,INDEPENDENT_OR_UNRESOLVED,READY,NEEDS_SUBENTRY_SPLIT,IUNSTIR;GRECO_IBERIAN;SALIR,IberOS_Indice_Maestro_Objetos_v1.2.xlsx
IBR-PLM-0010,Lámina de plomo,MLH G.13.1 · Hesperia MU.04.01,Plomo de El Cigarralejo,Necrópolis de El Cigarralejo,"Mula, Murcia",Plomo,Greco-ibérica,ca. 375-350 a.C.,FICHA PUBLICABLE,Completada,Sí,IberOS_CaseStudies_Objeto_IBR-PLM-0010_Cigarralejo_v1.0.pdf,Contexto funerario; baides recurrente fuera del dominio comercial. Función ri...,https://museosregiondemurcia.carm.es/web/museo-de-arte-iberico-el-cigarralejo...,INCLUDE,PALEO;TRACE;MORPH;LEXSEM;GRECO_LOCK,INDEPENDENT_OR_UNRESOLVED,READY,ONE_OR_FEW_ENTRIES,BAIDES;GRECO_IBERIAN;FUNERARY,IberOS_Indice_Maestro_Objetos_v1.2.xlsx
IBR-PLM-0011,Lámina de plomo,Moleta del Remei,Plomo de la Moleta del Remei,Moleta del Remei,"Alcanar, Tarragona",Plomo,Ibérica nororiental,"contexto excavado, fecha exacta no fijada aquí",FICHA PUBLICABLE - ALTA INCERTIDUMBRE,Completada,Sí,IberOS_CaseStudies_Objeto_IBR-PLM-0011_MoletaRemei_v1.0.pdf,Fragmento recortado/alterado con 21 signos en tres líneas; función indetermin...,https://doi.org/10.36707/palaeohispanica.v0i8.265,CONDITIONAL,PALEO;TRACE;MORPH;LEXSEM,INDEPENDENT_OR_UNRESOLVED,HIGH_UNCERTAINTY,ONE_OR_FEW_ENTRIES,,IberOS_Indice_Maestro_Objetos_v1.7.xlsx
IBR-PLM-0012,Lámina de plomo,Illeta dels Banyets 2018,Lámina greco-ibérica de la Illeta dels Banyets,Illeta dels Banyets,"El Campello, Alicante",Plomo,Greco-ibérica,mediados s. IV a.C. probable,FICHA PUBLICABLE,Completada,Sí,IberOS_CaseStudies_Objeto_IBR-PLM-0012_IlletaBanyets_v1.0.pdf,"Tres textos/reutilizaciones; antroponimia, nai y expresión metrológica. Caso ...",https://doi.org/10.36707/palaeohispanica.v24i1.629,INCLUDE,PALEO;TRACE;MORPH;LEXSEM;GRECO_LOCK;REUSE_DETECT;METRO,INDEPENDENT_OR_UNRESOLVED,READY,NEEDS_SUBENTRY_SPLIT,GRECO_IBERIAN;METROLOGY;NAI;REUSE,IberOS_Indice_Maestro_Objetos_v1.7.xlsx
IBR-PLM-0013,Lámina de plomo,Pico de los Ajos 2018,Pequeño plomo del Pico de los Ajos,Pico de los Ajos,"Yátova, Valencia",Plomo,Ibérica nororiental dual,paleografía quizá s. IV a.C.; amortización fin s. II/inicios I a.C.,FICHA PUBLICABLE,Completada,Sí,IberOS_CaseStudies_Objeto_IBR-PLM-0013_PicoAjos_2018_v1.0.pdf,Excavación reglada; dos caras de un solo texto; dual explícito; kutuŕ y rasgo...,https://doi.org/10.1387/veleia.22508,INCLUDE,PALEO;TRACE;MORPH;LEXSEM;DUAL_LOCK,INDEPENDENT_OR_UNRESOLVED,READY,ONE_OR_FEW_ENTRIES,KUTUR;VOTIVE,IberOS_Indice_Maestro_Objetos_v1.7.xlsx
IBR-RUP-0001,Rupestre / signario,Signario de Ger,Signario rupestre de Ger,Ger,"Cerdanya, Girona",Roca,Ibérica nororiental dual,ss. IV-III a.C. aprox.,FICHA PUBLICABLE - CONTROL PALEOGRÁFICO,Completada,Sí,IberOS_CaseStudies_Control_IBR-RUP-0001_Ger_Signario_v1.0.pdf,Variante ceretana del sistema dual; dualidades principalmente en oclusivas; ú...,https://doi.org/10.36707/palaeohispanica.v0i13.175,CONTROL_ONLY,PALEO;TRACE;SIGNARY_DETECT;DUAL_LOCK,INDEPENDENT_OR_UNRESOLVED,READY,ONE_OR_FEW_ENTRIES,SIGNARY,IberOS_Indice_Maestro_Objetos_v1.4.xlsx
IBR-RUP-0002,Rupestre / signario,Signario de Bolvir,Signario rupestre de Bolvir,Bolvir,"Cerdanya, Girona",Roca,Ibérica nororiental dual,ss. IV-III a.C. aprox.,FICHA PUBLICABLE - CONTROL PALEOGRÁFICO,Completada,Sí,IberOS_CaseStudies_Control_IBR-RUP-0002_Bolvir_Signario_v1.0.pdf,"Signario dual escrito de derecha a izquierda; control de dirección, orden de ...",https://doi.org/10.36707/palaeohispanica.v0i13.175,CONTROL_ONLY,PALEO;TRACE;SIGNARY_DETECT;DUAL_LOCK,INDEPENDENT_OR_UNRESOLVED,READY,ONE_OR_FEW_ENTRIES,SIGNARY,IberOS_Indice_Maestro_Objetos_v1.4.xlsx
IBR-RUP-0003,Rupestre / signario,Latour-de-Carol dual,Signario dual de Latour-de-Carol,Latour-de-Carol,Cerdanya / Pyrénées-Orientales,Roca,Ibérica nororiental dual,"antigua, cronología paleográfica",FICHA PUBLICABLE - CONTROL PALEOGRÁFICO,Completada,Sí,IberOS_CaseStudies_Control_IBR-RUP-0003_Latour_Dual_v1.0.pdf,Secuencia inicial kugutudutidibabitada; coincide con Ger. Control regional du...,https://doi.org/10.36707/palaeohispanica.v0i15.48,CONTROL_ONLY,PALEO;TRACE;SIGNARY_DETECT;DUAL_LOCK,LATOUR_SAME_LOCALITY,READY,ONE_OR_FEW_ENTRIES,SIGNARY,IberOS_Indice_Maestro_Objetos_v1.5.xlsx
IBR-RUP-0004,Rupestre / signario,Latour-de-Carol no dual,Signario no dual de Latour-de-Carol,Latour-de-Carol,Cerdanya / Pyrénées-Orientales,Roca,Ibérica nororiental no dual,cronología relativa abierta,FICHA PUBLICABLE - CONTROL PALEOGRÁFICO,Completada,Sí,IberOS_CaseStudies_Control_IBR-RUP-0004_Latour_NoDual_v1.0.pdf,Secuencia inicial kutukiŕbitatiko; control de repertorio no dual y posible co...,https://doi.org/10.36707/palaeohispanica.v0i15.48,CONTROL_ONLY,PALEO;TRACE;SIGNARY_DETECT;DUAL_LOCK,LATOUR_SAME_LOCALITY,READY,ONE_OR_FEW_ENTRIES,SIGNARY,IberOS_Indice_Maestro_Objetos_v1.5.xlsx
IBR-RUP-0005,Rupestre / signario,BDH B.08.01,Abecedario no dual de L'Esquirol,L'Esquirol,"Osona, Barcelona",Roca,Ibérica nororiental no dual,cronología paleográfica,FICHA PUBLICABLE - CONTROL PALEOGRÁFICO,Completada,Sí,IberOS_CaseStudies_Control_IBR-RUP-0005_Esquirol_Abecedario_v1.0.pdf,"Abecedario casi completo con 27 signos diferentes; arranque kutukiŕbitatiko, ...",https://doi.org/10.21001/rap.2021.31.4,CONTROL_ONLY,PALEO;TRACE;SIGNARY_DETECT;DUAL_LOCK,INDEPENDENT_OR_UNRESOLVED,READY,ONE_OR_FEW_ENTRIES,SIGNARY,IberOS_Indice_Maestro_Objetos_v1.6.xlsx
