Familia,OBJECT_ID,Objeto,Inclusion,Modulos,Dependency_Group,PALEO_Status
EGIAR_EKIAR,IBR-CER-0001,Tinajilla de la Fundación Ballesta,INCLUDE,PALEO;TRACE;MORPH;LEXSEM;DUAL_LOCK,BALLESTA_LINEAGE,READY
EGIAR_EKIAR,IBR-CER-0002,Vaso de los Letreros de Llíria,INCLUDE,PALEO;TRACE;MORPH;LEXSEM;DUAL_LOCK;ICONO,INDEPENDENT_OR_UNRESOLVED,READY
ICONO,IBR-CER-0002,Vaso de los Letreros de Llíria,INCLUDE,PALEO;TRACE;MORPH;LEXSEM;DUAL_LOCK;ICONO,INDEPENDENT_OR_UNRESOLVED,READY
SIGNARY,IBR-CER-0003,Signario del Castellet de Bernabé,CONTROL_ONLY,PALEO;TRACE;SIGNARY_DETECT;DUAL_LOCK,INDEPENDENT_OR_UNRESOLVED,READY
SIGNARY,IBR-CER-0005,Dolium de Val de Alegre I,CONTROL_ONLY,PALEO;TRACE;SIGNARY_DETECT;DUAL_LOCK,INDEPENDENT_OR_UNRESOLVED,HIGH_UNCERTAINTY
GRECO_IBERIAN,IBR-COI-0001,Inscripción cerámica de Coimbra del Barranco Ancho,INCLUDE,PALEO;TRACE;MORPH;LEXSEM;GRECO_LOCK,INDEPENDENT_OR_UNRESOLVED,READY
PSEUDOSCRIPT,IBR-COI-0002,Vaso con pseudoescritura de Coimbra,EXCLUDED_CONTROL,PALEO;TRACE;SIGNARY_DETECT;NEGATIVE_CONTROL,INDEPENDENT_OR_UNRESOLVED,READY
DEPENDENCY_CONTROL,IBR-CTL-0001,Copia falsa de la tinajilla Ballesta - Operación Júpiter,EXCLUDED_CONTROL,PALEO;TRACE;LEAK_SAFE;DEPENDENCY,DEPENDENT_COPY,READY
FORGERY,IBR-CTL-0001,Copia falsa de la tinajilla Ballesta - Operación Júpiter,EXCLUDED_CONTROL,PALEO;TRACE;LEAK_SAFE;DEPENDENCY,DEPENDENT_COPY,READY
DEPENDENCY_CONTROL,IBR-CTL-0002,Copia falsa de la tinajilla Ballesta - legado Esteve,EXCLUDED_CONTROL,PALEO;TRACE;LEAK_SAFE;DEPENDENCY,DEPENDENT_COPY,READY
FORGERY,IBR-CTL-0002,Copia falsa de la tinajilla Ballesta - legado Esteve,EXCLUDED_CONTROL,PALEO;TRACE;LEAK_SAFE;DEPENDENCY,DEPENDENT_COPY,READY
DEPENDENCY_CONTROL,IBR-CTL-0003,Plomo ibérico falso de la colección Marsal,EXCLUDED_CONTROL,PALEO;TRACE;LEAK_SAFE;DEPENDENCY,DEPENDENT_COPY,READY
FORGERY,IBR-CTL-0003,Plomo ibérico falso de la colección Marsal,EXCLUDED_CONTROL,PALEO;TRACE;LEAK_SAFE;DEPENDENCY,DEPENDENT_COPY,READY
NEITIN,IBR-LAP-0002,Estela-monumento de La Vispesa,CONDITIONAL,PALEO;TRACE;MORPH;LEXSEM;ICONO,INDEPENDENT_OR_UNRESOLVED,HIGH_UNCERTAINTY
ICONO,IBR-LAP-0002,Estela-monumento de La Vispesa,CONDITIONAL,PALEO;TRACE;MORPH;LEXSEM;ICONO,INDEPENDENT_OR_UNRESOLVED,HIGH_UNCERTAINTY
SELTAR,IBR-LAP-0003,Estela funeraria de Sinarcas,INCLUDE,PALEO;TRACE;MORPH;LEXSEM,INDEPENDENT_OR_UNRESOLVED,READY
FUNERARY,IBR-LAP-0003,Estela funeraria de Sinarcas,INCLUDE,PALEO;TRACE;MORPH;LEXSEM,INDEPENDENT_OR_UNRESOLVED,READY
EBAN_FAMILY,IBR-LAP-0003,Estela funeraria de Sinarcas,INCLUDE,PALEO;TRACE;MORPH;LEXSEM,INDEPENDENT_OR_UNRESOLVED,READY
EBAN_FAMILY,IBR-LAP-0004,Estela ibérica de Santa Perpètua de Mogoda,CONDITIONAL,PALEO;TRACE;MORPH;LEXSEM;DUAL_LOCK,INDEPENDENT_OR_UNRESOLVED,REVIEW_NEEDED
EBAN_FAMILY,IBR-LAP-0005,Arquitrabe bilingüe de Sagunto,INCLUDE,PALEO;TRACE;MORPH;LEXSEM;BILINGUAL_CONTROL,INDEPENDENT_OR_UNRESOLVED,READY
BILINGUAL,IBR-LAP-0005,Arquitrabe bilingüe de Sagunto,INCLUDE,PALEO;TRACE;MORPH;LEXSEM;BILINGUAL_CONTROL,INDEPENDENT_OR_UNRESOLVED,READY
ERDER,IBR-MON-0001,Semis de ildiŕda con marca erder,INCLUDE,PALEO;TRACE;MORPH;LEXSEM;NUMISMATIC,INDEPENDENT_OR_UNRESOLVED,READY
NUMISMATIC,IBR-MON-0001,Semis de ildiŕda con marca erder,INCLUDE,PALEO;TRACE;MORPH;LEXSEM;NUMISMATIC,INDEPENDENT_OR_UNRESOLVED,READY
EGIAR_EKIAR,IBR-MUS-0001,Mosaico de La Caridad,INCLUDE,PALEO;TRACE;MORPH;LEXSEM,INDEPENDENT_OR_UNRESOLVED,READY
MOSAIC,IBR-MUS-0001,Mosaico de La Caridad,INCLUDE,PALEO;TRACE;MORPH;LEXSEM,INDEPENDENT_OR_UNRESOLVED,READY
LIKINE,IBR-MUS-0001,Mosaico de La Caridad,INCLUDE,PALEO;TRACE;MORPH;LEXSEM,INDEPENDENT_OR_UNRESOLVED,READY
EGIAR_EKIAR,IBR-MUS-0002,Mosaico de Andelo,INCLUDE,PALEO;TRACE;MORPH;LEXSEM,INDEPENDENT_OR_UNRESOLVED,READY
MOSAIC,IBR-MUS-0002,Mosaico de Andelo,INCLUDE,PALEO;TRACE;MORPH;LEXSEM,INDEPENDENT_OR_UNRESOLVED,READY
LIKINE,IBR-MUS-0002,Mosaico de Andelo,INCLUDE,PALEO;TRACE;MORPH;LEXSEM,INDEPENDENT_OR_UNRESOLVED,READY
SIGNARY,IBR-OBJ-0001,Tortera inscrita de Can Rodon,CONTROL_ONLY,PALEO;TRACE;SIGNARY_DETECT;DUAL_LOCK,INDEPENDENT_OR_UNRESOLVED,READY
SIGNARY,IBR-OBJ-0002,Tortera inscrita de Oliete,CONDITIONAL,PALEO;TRACE;SIGNARY_DETECT;DUAL_LOCK,INDEPENDENT_OR_UNRESOLVED,READY
BAIDES,IBR-PLM-0001,Plomo de Ullastret,INCLUDE,PALEO;TRACE;MORPH;LEXSEM;DUAL_LOCK,INDEPENDENT_OR_UNRESOLVED,READY
SALIR,IBR-PLM-0002,Plomo de Tivissa,INCLUDE,PALEO;TRACE;MORPH;LEXSEM,INDEPENDENT_OR_UNRESOLVED,READY
ROK,IBR-PLM-0002,Plomo de Tivissa,INCLUDE,PALEO;TRACE;MORPH;LEXSEM,INDEPENDENT_OR_UNRESOLVED,READY
QUANTIFIED,IBR-PLM-0002,Plomo de Tivissa,INCLUDE,PALEO;TRACE;MORPH;LEXSEM,INDEPENDENT_OR_UNRESOLVED,READY
KUTUR,IBR-PLM-0003,Pech-Maho V,INCLUDE,PALEO;TRACE;MORPH;LEXSEM,INDEPENDENT_OR_UNRESOLVED,READY
ROK,IBR-PLM-0003,Pech-Maho V,INCLUDE,PALEO;TRACE;MORPH;LEXSEM,INDEPENDENT_OR_UNRESOLVED,READY
BAN,IBR-PLM-0003,Pech-Maho V,INCLUDE,PALEO;TRACE;MORPH;LEXSEM,INDEPENDENT_OR_UNRESOLVED,READY
KA_KE_Q,IBR-PLM-0004,Plomo greco-ibérico de Coimbra,INCLUDE,PALEO;TRACE;MORPH;LEXSEM;GRECO_LOCK,INDEPENDENT_OR_UNRESOLVED,READY
GRECO_IBERIAN,IBR-PLM-0004,Plomo greco-ibérico de Coimbra,INCLUDE,PALEO;TRACE;MORPH;LEXSEM;GRECO_LOCK,INDEPENDENT_OR_UNRESOLVED,READY
SALIR,IBR-PLM-0005,Villares V,INCLUDE,PALEO;TRACE;MORPH;LEXSEM,INDEPENDENT_OR_UNRESOLVED,READY
ACCOUNTING,IBR-PLM-0005,Villares V,INCLUDE,PALEO;TRACE;MORPH;LEXSEM,INDEPENDENT_OR_UNRESOLVED,READY
QUANTIFIED,IBR-PLM-0005,Villares V,INCLUDE,PALEO;TRACE;MORPH;LEXSEM,INDEPENDENT_OR_UNRESOLVED,READY
BAIDES,IBR-PLM-0006,Punta de Orleyl,INCLUDE,PALEO;TRACE;MORPH;LEXSEM,INDEPENDENT_OR_UNRESOLVED,READY
QUANTIFIED,IBR-PLM-0006,Punta de Orleyl,INCLUDE,PALEO;TRACE;MORPH;LEXSEM,INDEPENDENT_OR_UNRESOLVED,READY
IKU,IBR-PLM-0006,Punta de Orleyl,INCLUDE,PALEO;TRACE;MORPH;LEXSEM,INDEPENDENT_OR_UNRESOLVED,READY
METROLOGY,IBR-PLM-0007,Plomo de Casinos,INCLUDE,PALEO;TRACE;MORPH;LEXSEM;DUAL_LOCK;METRO,INDEPENDENT_OR_UNRESOLVED,READY
NUMERAL,IBR-PLM-0007,Plomo de Casinos,INCLUDE,PALEO;TRACE;MORPH;LEXSEM;DUAL_LOCK;METRO,INDEPENDENT_OR_UNRESOLVED,READY
KA_Q,IBR-PLM-0007,Plomo de Casinos,INCLUDE,PALEO;TRACE;MORPH;LEXSEM;DUAL_LOCK;METRO,INDEPENDENT_OR_UNRESOLVED,READY
QUANTIFIED,IBR-PLM-0007,Plomo de Casinos,INCLUDE,PALEO;TRACE;MORPH;LEXSEM;DUAL_LOCK;METRO,INDEPENDENT_OR_UNRESOLVED,READY
SIGNARY,IBR-PLM-0008,Signarios del Tos Pelat,CONTROL_ONLY,PALEO;TRACE;SIGNARY_DETECT;DUAL_LOCK,TOS_PELAT_SIGNARY_SET,READY
IUNSTIR,IBR-PLM-0009,Plomo I de La Serreta,INCLUDE,PALEO;TRACE;MORPH;LEXSEM;GRECO_LOCK,INDEPENDENT_OR_UNRESOLVED,READY
GRECO_IBERIAN,IBR-PLM-0009,Plomo I de La Serreta,INCLUDE,PALEO;TRACE;MORPH;LEXSEM;GRECO_LOCK,INDEPENDENT_OR_UNRESOLVED,READY
SALIR,IBR-PLM-0009,Plomo I de La Serreta,INCLUDE,PALEO;TRACE;MORPH;LEXSEM;GRECO_LOCK,INDEPENDENT_OR_UNRESOLVED,READY
BAIDES,IBR-PLM-0010,Plomo de El Cigarralejo,INCLUDE,PALEO;TRACE;MORPH;LEXSEM;GRECO_LOCK,INDEPENDENT_OR_UNRESOLVED,READY
GRECO_IBERIAN,IBR-PLM-0010,Plomo de El Cigarralejo,INCLUDE,PALEO;TRACE;MORPH;LEXSEM;GRECO_LOCK,INDEPENDENT_OR_UNRESOLVED,READY
FUNERARY,IBR-PLM-0010,Plomo de El Cigarralejo,INCLUDE,PALEO;TRACE;MORPH;LEXSEM;GRECO_LOCK,INDEPENDENT_OR_UNRESOLVED,READY
GRECO_IBERIAN,IBR-PLM-0012,Lámina greco-ibérica de la Illeta dels Banyets,INCLUDE,PALEO;TRACE;MORPH;LEXSEM;GRECO_LOCK;REUSE_DETECT;METRO,INDEPENDENT_OR_UNRESOLVED,READY
METROLOGY,IBR-PLM-0012,Lámina greco-ibérica de la Illeta dels Banyets,INCLUDE,PALEO;TRACE;MORPH;LEXSEM;GRECO_LOCK;REUSE_DETECT;METRO,INDEPENDENT_OR_UNRESOLVED,READY
NAI,IBR-PLM-0012,Lámina greco-ibérica de la Illeta dels Banyets,INCLUDE,PALEO;TRACE;MORPH;LEXSEM;GRECO_LOCK;REUSE_DETECT;METRO,INDEPENDENT_OR_UNRESOLVED,READY
REUSE,IBR-PLM-0012,Lámina greco-ibérica de la Illeta dels Banyets,INCLUDE,PALEO;TRACE;MORPH;LEXSEM;GRECO_LOCK;REUSE_DETECT;METRO,INDEPENDENT_OR_UNRESOLVED,READY
KUTUR,IBR-PLM-0013,Pequeño plomo del Pico de los Ajos,INCLUDE,PALEO;TRACE;MORPH;LEXSEM;DUAL_LOCK,INDEPENDENT_OR_UNRESOLVED,READY
VOTIVE,IBR-PLM-0013,Pequeño plomo del Pico de los Ajos,INCLUDE,PALEO;TRACE;MORPH;LEXSEM;DUAL_LOCK,INDEPENDENT_OR_UNRESOLVED,READY
SIGNARY,IBR-RUP-0001,Signario rupestre de Ger,CONTROL_ONLY,PALEO;TRACE;SIGNARY_DETECT;DUAL_LOCK,INDEPENDENT_OR_UNRESOLVED,READY
SIGNARY,IBR-RUP-0002,Signario rupestre de Bolvir,CONTROL_ONLY,PALEO;TRACE;SIGNARY_DETECT;DUAL_LOCK,INDEPENDENT_OR_UNRESOLVED,READY
SIGNARY,IBR-RUP-0003,Signario dual de Latour-de-Carol,CONTROL_ONLY,PALEO;TRACE;SIGNARY_DETECT;DUAL_LOCK,LATOUR_SAME_LOCALITY,READY
SIGNARY,IBR-RUP-0004,Signario no dual de Latour-de-Carol,CONTROL_ONLY,PALEO;TRACE;SIGNARY_DETECT;DUAL_LOCK,LATOUR_SAME_LOCALITY,READY
SIGNARY,IBR-RUP-0005,Abecedario no dual de L'Esquirol,CONTROL_ONLY,PALEO;TRACE;SIGNARY_DETECT;DUAL_LOCK,INDEPENDENT_OR_UNRESOLVED,READY
